"","Category","ProductName","Reviewer","Review","ReviewDate","Rating"
"1","Mens Tshirt","JACK & JONES Men's Jjecorp Logo Tee Ss Crew Neck Noos Ps T-Shirt","John Invine","







  
  
    Arrived perfect sizing fits great
  
","Reviewed in the United Kingdom on 4 February 2024","5.0 out of 5 stars"
"2","Mens Tshirt","JACK & JONES Men's Jjecorp Logo Tee Ss Crew Neck Noos Ps T-Shirt","Lyn Turner","







  
  
    Good value bought for a present really pleased with it
  
","Reviewed in the United Kingdom on 15 January 2024","5.0 out of 5 stars"
"3","Mens Tshirt","JACK & JONES Men's Jjecorp Logo Tee Ss Crew Neck Noos Ps T-Shirt","Amazon Customer","







  
  
    Very well received, grandson liked them, looked good material seemed good quality
  
","Reviewed in the United Kingdom on 29 January 2024","4.0 out of 5 stars"
"4","Mens Tshirt","JACK & JONES Men's Jjecorp Logo Tee Ss Crew Neck Noos Ps T-Shirt","Williams","







  
  
    Great t shirt, looks more expensive, fits great, washes well, would recommend.
  
","Reviewed in the United Kingdom on 17 October 2023","5.0 out of 5 stars"
"5","Mens Tshirt","JACK & JONES Men's Jjecorp Logo Tee Ss Crew Neck Noos Ps T-Shirt","Amazon Customer","







  
  
    Excellent value for the money
  
","Reviewed in the United Kingdom on 12 February 2024","5.0 out of 5 stars"
"6","Mens Tshirt","JACK & JONES Men's Jjecorp Logo Tee Ss Crew Neck Noos Ps T-Shirt","kym Telford","







  
  
    A really nice t-shirt size seems to come up on the bigger size though , would down size nxt time
  
","Reviewed in the United Kingdom on 12 January 2024","5.0 out of 5 stars"
"7","Mens Tshirt","JACK & JONES Men's Jjecorp Logo Tee Ss Crew Neck Noos Ps T-Shirt","S. Thomas","







  
  
    Nice quality for the price, but is a little on the small side on both the body and arms.
  
","Reviewed in the United Kingdom on 10 November 2023","3.0 out of 5 stars"
"8","Mens Tshirt","JACK & JONES Men's Jjecorp Logo Tee Ss Crew Neck Noos Ps T-Shirt","Tina","







  
  
    Great value best seller excellent service lovely soft top
  
","Reviewed in the United Kingdom on 5 January 2024","5.0 out of 5 stars"
"9","Mens Tshirt","JACK & JONES Men's Jjecorp Logo Tee Ss Crew Neck Noos Ps T-Shirt","Dicky","







  
  
    Perfect fit, highly recommended!
  
","Reviewed in the United Kingdom on 4 January 2024","5.0 out of 5 stars"
"10","Mens Tshirt","JACK & JONES Men's Jjecorp Logo Tee Ss Crew Neck Noos Ps T-Shirt","T,O,M","







  
  
    The sleeves are big and floaty, not like the pics of tshirts other customers have recieved. I assume this is down to poor quality control from different factories
  
","Reviewed in the United Kingdom on 1 December 2023","3.0 out of 5 stars"
"11","Mens Tshirt","JACK & JONES Men's Jjecorp Logo Tee Ss Crew Neck Noos Ps T-Shirt","lloydymr","







  
  
    My Husband loves the Jack & Jones tea shirts, wears them every day !!! They‚Äôve lasted years !!This one‚Äôs for Xmas, but measured against his others, perfect, Thank you !
  
","Reviewed in the United Kingdom on 26 November 2023","5.0 out of 5 stars"
"12","Mens Tshirt","JACK & JONES Men's Jjecorp Logo Tee Ss Crew Neck Noos Ps T-Shirt","Mr. Mark A. Duncan","







  
  
    Nice but too big
  
","Reviewed in the United Kingdom on 7 December 2023","3.0 out of 5 stars"
"13","Mens Tshirt","JACK & JONES Men's Jjecorp Logo Tee Ss Crew Neck Noos Ps T-Shirt","VaLiKo","







  
  
    Perfect
  
","Reviewed in the United Kingdom on 7 December 2023","5.0 out of 5 stars"
"14","Mens Tshirt","JACK & JONES Men's Jjecorp Logo Tee Ss Crew Neck Noos Ps T-Shirt","Daddy K","







  
  
    Fits perfect
  
","Reviewed in the United Kingdom on 5 December 2023","5.0 out of 5 stars"
"15","Mens Tshirt","JACK & JONES Men's Jjecorp Logo Tee Ss Crew Neck Noos Ps T-Shirt","Kevin Garner","







  
  
    Nice Cotten T-shirt
  
","Reviewed in the United Kingdom on 16 August 2023","4.0 out of 5 stars"
"16","Mens Tshirt","JACK & JONES Men's Jjecorp Logo Tee Ss Crew Neck Noos Ps T-Shirt","King kong","







  
  
    Very pleased with my order
  
","Reviewed in the United Kingdom on 25 November 2023","5.0 out of 5 stars"
"17","Mens Tshirt","JACK & JONES Men's Jjecorp Logo Tee Ss Crew Neck Noos Ps T-Shirt","Christine","







  
  
    Very good fit and comfortable
  
","Reviewed in the United Kingdom on 25 November 2023","5.0 out of 5 stars"
"18","Mens Tshirt","JACK & JONES Men's Jjecorp Logo Tee Ss Crew Neck Noos Ps T-Shirt","David W.","







  
  
    good
  
","Reviewed in the United Kingdom on 12 August 2023","4.0 out of 5 stars"
"19","Mens Tshirt","JACK & JONES Men's T-Shirt","Hgv Al. ","







  
  
    Very nice t-shirts fit comfortably.
  
","Reviewed in the United Kingdom on 18 July 2023","5.0 out of 5 stars"
"20","Mens Tshirt","JACK & JONES Men's T-Shirt","Mrs Fussy Pants","







  
  
    Very happy with the t-shirts.
  
","Reviewed in the United Kingdom on 28 June 2023","5.0 out of 5 stars"
"21","Mens Tshirt","JACK & JONES Men's T-Shirt","Eamon Thomas","







  
  
    Nice and comfortable
  
","Reviewed in the United Kingdom on 2 July 2023","5.0 out of 5 stars"
"22","Mens Tshirt","JACK & JONES Men's T-Shirt","Daniel Wickers","







  
  
    Iron on stickers and far too baggy for a Medium fit shirtJust feel like a budget T-Shirt with cheap transfers stuck on!
  
","Reviewed in the United Kingdom on 19 July 2023","2.0 out of 5 stars"
"23","Mens Tshirt","JACK & JONES Men's T-Shirt","TobiasB","







  
  
    These T Shirts all have a a weird point on the shoulder. The material doesn‚Äôt curve and match the natural contours of your shoulder. It stands up at a boxy point . I am sending them back
  
","Reviewed in the United Kingdom on 22 January 2024","1.0 out of 5 stars"
"24","Mens Tshirt","JACK & JONES Men's T-Shirt","michelle jones","







  
  
    There is supposed  to be 3 t shirts I revived  toNot happy
  
","Reviewed in the United Kingdom on 17 November 2023","2.0 out of 5 stars"
"25","Mens Tshirt","JACK & JONES Men's T-Shirt","Mark","







  
  
    Wear
  
","Reviewed in the United Kingdom on 5 November 2023","5.0 out of 5 stars"
"26","Mens Tshirt","JACK & JONES Men's T-Shirt","Michele ","







  
    Molto comoda,taglia perfetta
  
  
","Reviewed in Italy on 21 January 2023","4.0 out of 5 stars"
"27","Mens Tshirt","JACK & JONES Men's T-Shirt","Salvatore9999","







  
    Jack & Jones, ottimo cotone e magliette stampate bene, con colori e scritte resistenti.Consiglio la taglia superiore se si √® indecisi tra due.
  
  
","Reviewed in Italy on 21 December 2022","5.0 out of 5 stars"
"28","Mens Tshirt","BOSS Mens Pack Classic T-Shirt","Brandon-lee Bravery","







  
  
    Depends on how you like your fit, I prefer a bit of a looser fit so for myself I would size up but they fit my brother perfectly and he prefers the tighter muscle fit, they look great and are of great quality, assuming they are fake boss, you couldn't tell as they match his tracksuit perfectly.
  
","Reviewed in the United Kingdom on 27 August 2023","5.0 out of 5 stars"
"29","Mens Tshirt","BOSS Mens Pack Classic T-Shirt","Z","







  
  
    Nice t shirt, neck is a bit big
  
","Reviewed in the United Kingdom on 24 June 2023","4.0 out of 5 stars"
"30","Mens Tshirt","BOSS Mens Pack Classic T-Shirt","Amazon Customer","







  
  
    Came on time
  
","Reviewed in the United Kingdom on 28 November 2023","5.0 out of 5 stars"
"31","Mens Tshirt","BOSS Mens Pack Classic T-Shirt","Justin wright","







  
  
    The quality for the price is great
  
","Reviewed in the United Kingdom on 8 January 2024","5.0 out of 5 stars"
"32","Mens Tshirt","BOSS Mens Pack Classic T-Shirt","kamrul haque","







  
  
    I know they are meant to be for lounge wear but the sizes are ridiculous. I am medium/large and even the XL was not fitting and the sleeves are too big. Also I am a bit conscious about the authenticity of the product. The box seemed like it was opened and used. Returned both item.
  
","Reviewed in the United Kingdom on 12 July 2023","1.0 out of 5 stars"
"33","Mens Tshirt","BOSS Mens Pack Classic T-Shirt","Jonathan ","







  
  
    Bought my usual regular fit mens xl sizing by Hugo Boss. These tshirts however, are cut just too tight. In comparison to the regular fit xl Hugo Boss clothes that I actually own, I would say these are coming in at a large or medium size, or an xl slim fit. Crewneck is cut too large also. Given them to my teenage son
  
","Reviewed in the United Kingdom on 16 July 2023","3.0 out of 5 stars"
"34","Mens Tshirt","BOSS Mens Pack Classic T-Shirt","dave","







  
  
    Great pack of Boss tshirts and a bargain at that
  
","Reviewed in the United Kingdom on 11 January 2024","5.0 out of 5 stars"
"35","Mens Tshirt","BOSS Mens Pack Classic T-Shirt","chris b","







  
  
    I know they were cheap (for Boss branded shirts) but they‚Äôre not very nice either. Very strange neck (very low for a crew-neck) and very baggy sleeves. I imagined they would look ok on their own, but not at all to my taste. Purely useful as underwear I think, so even cheaper alternatives would do that job equally well. On the white version even the tacky size stencil shows through to the outside.Not impressed.
  
","Reviewed in the United Kingdom on 16 October 2023","2.0 out of 5 stars"
"36","Mens Tshirt","BOSS Mens Pack Classic T-Shirt","PeterS","







  
  
    I bought these on sale and they fit as expected.However, the material is much finer than I had anticipated (I now notice this is mentioned in other reviews). On the plus side, they wash well so if you are OK with finer material then they may be worth purchasing.
  
","Reviewed in the United Kingdom on 2 September 2023","4.0 out of 5 stars"
"37","Mens Tshirt","BOSS Mens Pack Classic T-Shirt","Quicksilver","







  
  
    still didn't make me the BOSS
  
","Reviewed in the United Kingdom on 11 October 2023","3.0 out of 5 stars"
"38","Mens Tshirt","BOSS Mens Pack Classic T-Shirt","Kelvin Richmond","







  
  
    My step son was over the moon with them
  
","Reviewed in the United Kingdom on 18 November 2023","5.0 out of 5 stars"
"39","Mens Tshirt","BOSS Mens Pack Classic T-Shirt","Gilly_K","







  
  
    I bought XL and they‚Äôre tight fitting, would definitely size up
  
","Reviewed in the United Kingdom on 13 July 2023","4.0 out of 5 stars"
"40","Mens Tshirt","BOSS Mens Pack Classic T-Shirt","John","







  
  
    Pretty good T-shirts for the money, you get what you pay for
  
","Reviewed in the United Kingdom on 8 July 2023","4.0 out of 5 stars"
"41","Mens Tshirt","BOSS Mens Pack Classic T-Shirt","Darren","







  
  
    Very nice t-shirts good quality however I ordered large and got 2 large 1 medium in the box , was going on holiday so couldn't be bothered to return them
  
","Reviewed in the United Kingdom on 7 June 2023","4.0 out of 5 stars"
"42","Mens Tshirt","BOSS Mens Pack Classic T-Shirt","Amazon Customer","







  
  
    Nice fabric with 4 strategically placed holes ,2 i assume are for the arms and i've not worked out yet what the other 2 are for ,oh hang ones for the head .  5 stars 4 holes üëç
  
","Reviewed in the United Kingdom on 15 October 2023","5.0 out of 5 stars"
"43","Mens Tshirt","BOSS Mens Pack Classic T-Shirt","kev","







  
  
    Ordered size L but had to return as to small and wrong colours from advertised. These are a small fit so purchased XL.Sadly the wrong colours arrived again from the one ordered. I kept them as I needed them for my hols.Amazon really do need to sort this out as it can‚Äôt be a mistake and must be and issue at there end with the colours being given the wrong order numbers from the ones advertised.
  
","Reviewed in the United Kingdom on 5 June 2023","3.0 out of 5 stars"
"44","Mens Tshirt","BOSS Mens Pack Classic T-Shirt","Laura Moore","







  
  
    Bought for my husband who found them peculiar sizing. He‚Äôs usually a large,  which he found skin tight so we exchanged for an XL which were a little large. Apart from that they are good quality
  
","Reviewed in the United Kingdom on 12 May 2023","4.0 out of 5 stars"
"45","Mens Tshirt","BOSS Mens Pack Classic T-Shirt","Bruno Santos","







  
  
    Order the blu pack and I have received the dark colour package.I‚Äôm happy with the items but Amazon need to make sure they send the right items to customers.
  
","Reviewed in the United Kingdom on 5 May 2023","4.0 out of 5 stars"
"46","Mens Tshirt","BOSS Mens Pack Classic T-Shirt","Amazon Customer","







  
  
    Nice plain T shirts
  
","Reviewed in the United Kingdom on 13 October 2023","5.0 out of 5 stars"
"47","Mens Tshirt","BOSS Mens Pack Classic T-Shirt","Q","







  
  
    Nice fit very comfy
  
","Reviewed in the United Kingdom on 12 May 2023","4.0 out of 5 stars"
"48","Mens Tshirt","BOSS Mens Pack Classic T-Shirt","Napes","







  
  
    Good product delivered on time however the T-shirts were different colours from what was ordered
  
","Reviewed in the United Kingdom on 16 June 2023","3.0 out of 5 stars"
"49","Mens Tshirt","BOSS Mens Pack Classic T-Shirt","Avner","







  
  
    I wash the shirt and look like chip tshirt
  
","Reviewed in the United Kingdom on 14 June 2023","3.0 out of 5 stars"
"50","Mens Tshirt","BOSS Mens Pack Classic T-Shirt","Pete E","







  
  
    I got these in a sale so these were excellent value for money. These are an excellent product. I probably got a size too small but I'd still say these are a slim fit so would probably go a size larger then you normally would.
  
","Reviewed in the United Kingdom on 19 July 2023","5.0 out of 5 stars"
"51","Mens Tshirt","BOSS Mens Pack Classic T-Shirt","Mr Bojangles","







  
  
    Don‚Äôt like the way it hangs off the shoulders
  
","Reviewed in the United Kingdom on 8 June 2023","3.0 out of 5 stars"
"52","Mens Tshirt","BOSS Mens Pack Classic T-Shirt","tony dyble","







  
  
    Did not fit very small sizes
  
","Reviewed in the United Kingdom on 6 June 2023","3.0 out of 5 stars"
"53","Mens Tshirt","BOSS Mens Pack Classic T-Shirt","mr w j dunne","







  
  
    I like my t-shirts loose. These feel very thin and still figure hugging despite being xl. Best to go another size up. If xl is your normal go with xxl etc
  
","Reviewed in the United Kingdom on 13 October 2023","2.0 out of 5 stars"
"54","Mens Tshirt","BOSS Mens Pack Classic T-Shirt","john","







  
  
    Excellent quality and great fit.
  
","Reviewed in the United Kingdom on 17 September 2023","5.0 out of 5 stars"
"55","Mens Tshirt","Fruit of the Loom Men's Heavy T-Shirt Pack of 3","mr jonathan pattison","







  
  
    All round good item for the price. The material is of good thickness and quality. Good fit for the size I ordered. Will order the same again.
  
","Reviewed in the United Kingdom on 7 February 2024","5.0 out of 5 stars"
"56","Mens Tshirt","Fruit of the Loom Men's Heavy T-Shirt Pack of 3","Pippa D","







  
  
    I bought these for my husband as he needed a thick cotton t-shirt to wear under his work-shirt in winter. We we pleasantly surprised at the quality of the t-shirts. The cotton is thick and washes well. They‚Äôre comfortable and a good length. We would definitely buy them again.
  
","Reviewed in the United Kingdom on 10 February 2024","5.0 out of 5 stars"
"57","Mens Tshirt","Fruit of the Loom Men's Heavy T-Shirt Pack of 3","Jayne Darmody","







  
  
    I love the shade of blue on these t-shirts. They are of good quality & reasonably priced too. I have always loved this brand as the clothing is good quality, washes well & doesn't shrink either. The colours don't fade quickly either. I definitely recommend!
  
","Reviewed in the United Kingdom on 8 January 2024","4.0 out of 5 stars"
"58","Mens Tshirt","Fruit of the Loom Men's Heavy T-Shirt Pack of 3","Eric Hough","







  
  
    T-Shirts were great value for money, they measure up as described so fit well and look good
  
","Reviewed in the United Kingdom on 13 January 2024","5.0 out of 5 stars"
"59","Mens Tshirt","Fruit of the Loom Men's Heavy T-Shirt Pack of 3","Jackie","







  
  
    Good quality material
  
","Reviewed in the United Kingdom on 10 February 2024","5.0 out of 5 stars"
"60","Mens Tshirt","Fruit of the Loom Men's Heavy T-Shirt Pack of 3","Amazon Customer","







  
  
    Three T-shirts for less than ¬£12 is certainly worth the money and are of reasonable quality and a good fit (XL) except they are rather long and hang below my fleece, which may not effect other buyers. I wouldn't buy again because of that.
  
","Reviewed in the United Kingdom on 1 November 2023","3.0 out of 5 stars"
"61","Mens Tshirt","Fruit of the Loom Men's Heavy T-Shirt Pack of 3","Gezza","







  
  
    Very nice quality tee. Good shape, good length of sleeve. Needed for work and have had a couple of colleagues ask where I got them.
  
","Reviewed in the United Kingdom on 25 January 2024","5.0 out of 5 stars"
"62","Mens Tshirt","Fruit of the Loom Men's Heavy T-Shirt Pack of 3","kevin burton","







  
  
    Good fit, nice fabric, value for money
  
","Reviewed in the United Kingdom on 6 February 2024","4.0 out of 5 stars"
"63","Mens Tshirt","Fruit of the Loom Men's Heavy T-Shirt Pack of 3","Simon62","







  
  
    Good value, straightorward T-shirts.As for sizing, my experience may help you.  I don't like my T-shirts tight, so I played safe and ordered XL though I'm generally L (and Amazon recommended L!).  A mistake.  A Large would have been roomy enough.
  
","Reviewed in the United Kingdom on 7 February 2024","5.0 out of 5 stars"
"64","Mens Tshirt","Fruit of the Loom Men's Heavy T-Shirt Pack of 3","Amazon Customer","







  
  
    Easy wearing plain white T‚ÄôsGood fit, the fabric quality has dropped a little over the years as been buying these for as long as I can remember but still a decent fit and a good price compared to high street brands like next, Zara etc.
  
","Reviewed in the United Kingdom on 13 January 2024","4.0 out of 5 stars"
"65","Mens Tshirt","Fruit of the Loom Men's Heavy T-Shirt Pack of 3","Simon","







  
  
    Perfect size and fit, I‚Äôm 6ft 3 so medium perfect, great quality for price
  
","Reviewed in the United Kingdom on 13 February 2024","5.0 out of 5 stars"
"66","Mens Tshirt","Fruit of the Loom Men's Heavy T-Shirt Pack of 3","Carol Anne","







  
  
    I bought these XXL T shirts for my husband to wear in bed as he has MND and needs clothes in bed to be roomy.  These are really excellent value.  I feel sure if you needed a T shirt to wear for work or the gym then these  would be perfect.  They are pure cotton and not at all 'thin'.  My only complaint would be they took about a week to arrive, then I am used to Amazon Prime and there has been Christmas and New Year Bank holidays so no real worries.  Thank you Fruit of the Loom!
  
","Reviewed in the United Kingdom on 5 January 2024","5.0 out of 5 stars"
"67","Mens Tshirt","Fruit of the Loom Men's Heavy T-Shirt Pack of 3","PCM","







  
  
    As per the headline, I thought the quality and fit was good, especially for the price, I am a tall guy and would have like them a bit longer but not a really big deal
  
","Reviewed in the United Kingdom on 3 January 2024","4.0 out of 5 stars"
"68","Mens Tshirt","Fruit of the Loom Men's Heavy T-Shirt Pack of 3","George","







  
  
    They maybe come up a slightly small, so consider ordering a size up if you're between sizes. They're what you should expect of a Fruit of the Loom shirt, cheap and cheerful, do the job.
  
","Reviewed in the United Kingdom on 30 December 2023","4.0 out of 5 stars"
"69","Mens Tshirt","Fruit of the Loom Men's Heavy T-Shirt Pack of 3","Robert Walker","







  
  
    Great price , true size fit and nice feeling on the skin
  
","Reviewed in the United Kingdom on 9 February 2024","5.0 out of 5 stars"
"70","Mens Tshirt","Fruit of the Loom Men's Heavy T-Shirt Pack of 3","Malikha","







  
  
    I recently purchased Fruit of the Loom black t-shirts, and they have been quite satisfying. The ease of use is great; they are perfect for everyday wear and layering. The appearance is clean and classic, which is exactly what I was looking for in a basic black tee.The material is comfortable, but I wish it was a tad thicker for added durability. The stitching quality is good, and I haven't had any issues with unraveling seams. As for the fit, it's mostly true to size, although I found them to be slightly roomier than expected. Overall, these t-shirts are a solid choice for your wardrobe, offering good value for the price.
  
","Reviewed in the United Kingdom on 1 November 2023","4.0 out of 5 stars"
"71","Mens Tshirt","Fruit of the Loom Men's Heavy T-Shirt Pack of 3","Yorkshire Devil","







  
  
    Bought these for work around 2 years ago and they lasted a really long time well worth the buy for working or just lounging in.
  
","Reviewed in the United Kingdom on 26 December 2023","4.0 out of 5 stars"
"72","Mens Tshirt","Fruit of the Loom Men's Heavy T-Shirt Pack of 3","Richard John Williams","







  
  
    You can search high and low for a good quality heavyweight cotton shirt. These are just as good and at a fraction of the price. Anybody who knocks these don‚Äôt know what they are talking about. Will be buying a lot more colours.
  
","Reviewed in the United Kingdom on 19 January 2024","5.0 out of 5 stars"
"73","Mens Tshirt","Fruit of the Loom Men's Heavy T-Shirt Pack of 3","Krystof","







  
  
    Being an old geezer I wear these as a vest. I was worried that they might be too short but they are a perfect length. They are comfortable and so far they have kept their shape.
  
","Reviewed in the United Kingdom on 20 January 2024","5.0 out of 5 stars"
"74","Mens Tshirt","Fruit of the Loom Men's Heavy T-Shirt Pack of 3","Mick Ashley ","







  
  
    Item as requested‚Ä¶Size correct for me ‚Ä¶.
  
","Reviewed in the United Kingdom on 31 January 2024","5.0 out of 5 stars"
"75","Mens Tshirt","Fruit of the Loom Men's Heavy T-Shirt Pack of 3","francine wells","







  
  
    Good quality good value.
  
","Reviewed in the United Kingdom on 4 February 2024","5.0 out of 5 stars"
"76","Mens Tshirt","Fruit of the Loom Men's Heavy T-Shirt Pack of 3","Dade","







  
  
    Well made with good quality fabric and a good fit
  
","Reviewed in the United Kingdom on 30 January 2024","5.0 out of 5 stars"
"77","Mens Tshirt","Fruit of the Loom Men's Heavy T-Shirt Pack of 3","jeanne","







  
  
    T shirts bigger on sizing.
  
","Reviewed in the United Kingdom on 29 December 2023","4.0 out of 5 stars"
"78","Mens Tshirt","Fruit of the Loom Men's Heavy T-Shirt Pack of 3","Bob Payne","







  
  
    T shirt is made with comfortable material and feels good to wear. It is also a nice fit.
  
","Reviewed in the United Kingdom on 17 December 2023","4.0 out of 5 stars"
"79","Mens Tshirt","Fruit of the Loom Men's Heavy T-Shirt Pack of 3","P S WARRINGTON","







  
  
    And good value
  
","Reviewed in the United Kingdom on 31 January 2024","5.0 out of 5 stars"
"80","Mens Tshirt","Fruit of the Loom Men's Heavy T-Shirt Pack of 3","AJP","







  
  
    Advertised as Heavy Cotton received Original T-Shirt. Offered discount for error. T Shirts are ok, but with my outside job I will probably require more layers.
  
","Reviewed in the United Kingdom on 4 December 2023","4.0 out of 5 stars"
"81","Mens Tshirt","Fruit of the Loom Men's Heavy T-Shirt Pack of 3","Liam","







  
  
    Most fruit of the loom products are the same and this one is no exception - no problems with colour, thickness of material, or the feel of the material at all. The only issue is washability - you may find that the material shrinks slightly, which may be a problem for some and hence a reason to order a size larger. Overall though, I would recommend!
  
","Reviewed in the United Kingdom on 28 October 2023","4.0 out of 5 stars"
"82","Mens Tshirt","Amazon Essentials Men's Regular-Fit Short-Sleeve Poplin Shirt, Blue Gingham, XL","ùóßùóøùòÇùòÅùóµ ùó¶ùó≤ùó≤ùó∏ùó≤ùóø","







  
  
    For the price of under a tenner each, I wasn't expecting much at all and half expected a return would be in order.But Amazon deliver once again! Speedy next day delivery to the Isle of Bute and the shirts are absolutely amazing. Just what I needed. A couple of nice summery short sleeved shirts and not the boring check pattern that most 50yr olds wear ad nauseum.The shirts are well made with excellent pattern and colour. The size is perfect for me. I am a 48"" chest with 40"" waist and I ordered the XXL. When I first put it on, I though it was going to be far too large but once I had the buttons done up and the shirt tucked in, it was a perfect fit.  Not baggy and with enough room for comfort when sitting down, without being tight across the chest or belly.Highly recommended- Buy with confidence.I do not receive any payment or free goods for writing these reviews. I am just happy to share my views on my purchases with fellow like minded Amazonians in the hope that you may find it helpful.
  
","Reviewed in the United Kingdom on 27 April 2021","5.0 out of 5 stars"
"83","Mens Tshirt","Amazon Essentials Men's Regular-Fit Short-Sleeve Poplin Shirt, Blue Gingham, XL","Davie Smith","







  
  
    Good shirt, value for money nice design and true to size.
  
","Reviewed in the United Kingdom on 8 April 2022","5.0 out of 5 stars"
"84","Mens Tshirt","Amazon Essentials Men's Regular-Fit Short-Sleeve Poplin Shirt, Blue Gingham, XL","D. Eastwood","







  
  
    Good quality summer shirt fits right very happy
  
","Reviewed in the United Kingdom on 7 October 2023","4.0 out of 5 stars"
"85","Mens Tshirt","Amazon Essentials Men's Regular-Fit Short-Sleeve Poplin Shirt, Blue Gingham, XL","Steve","







  
  
    Excellent Shirt, quite generous for a large, other than that a really good buy.....
  
","Reviewed in the United Kingdom on 3 October 2023","5.0 out of 5 stars"
"86","Mens Tshirt","Amazon Essentials Men's Regular-Fit Short-Sleeve Poplin Shirt, Blue Gingham, XL","karren","







  
  
    Sizeing comes up alot smaller than standard. Ashame as lovely ahirt n great value otherwise.
  
","Reviewed in the United Kingdom on 25 April 2020","5.0 out of 5 stars"
"87","Mens Tshirt","Amazon Essentials Men's Regular-Fit Short-Sleeve Poplin Shirt, Blue Gingham, XL","Fugs","







  
  
    Good quality and fit
  
","Reviewed in the United Kingdom on 3 February 2024","3.0 out of 5 stars"
"88","Mens Tshirt","Amazon Essentials Men's Regular-Fit Short-Sleeve Poplin Shirt, Blue Gingham, XL","Annie","







  
  
    The fit was as expected and comfortable to wear.
  
","Reviewed in the United Kingdom on 10 August 2023","5.0 out of 5 stars"
"89","Mens Tshirt","Amazon Essentials Men's Regular-Fit Short-Sleeve Poplin Shirt, Blue Gingham, XL","Amazon Customer","







  
  
    This is a lovely shirt item as described quick delivery.
  
","Reviewed in the United Kingdom on 30 August 2023","4.0 out of 5 stars"
"90","Mens Tshirt","Amazon Essentials Men's Regular-Fit Short-Sleeve Poplin Shirt, Blue Gingham, XL","DIANA D","







  
  
    Nice shirt for husband of a certain ""vintage"". Shall be buying more!
  
","Reviewed in the United Kingdom on 24 July 2023","5.0 out of 5 stars"
"91","Mens Tshirt","Amazon Essentials Men's Regular-Fit Short-Sleeve Poplin Shirt, Blue Gingham, XL","vinny","







  
  
    As expected and on time
  
","Reviewed in the United Kingdom on 6 September 2023","5.0 out of 5 stars"
"92","Mens Tshirt","Amazon Essentials Men's Regular-Fit Short-Sleeve Poplin Shirt, Blue Gingham, XL","Mrs Susan Dickinson","







  
  
    Simply love this shirt.  Would love to buy more but my size is not currently available.  Great product though...
  
","Reviewed in the United Kingdom on 4 August 2023","5.0 out of 5 stars"
"93","Mens Tshirt","Amazon Essentials Men's Regular-Fit Short-Sleeve Poplin Shirt, Blue Gingham, XL","Binky","







  
  
    Very pleased with this poplin shirt. As yet I haven't washed the item so have to wait and seeHubby was very sceptical about the size as he bought size 3xl. I looked at reviews people were saying generous size so bought 2xl, the largest sizeLooks great plenty of room
  
","Reviewed in the United Kingdom on 19 April 2023","5.0 out of 5 stars"
"94","Mens Tshirt","Amazon Essentials Men's Regular-Fit Short-Sleeve Poplin Shirt, Blue Gingham, XL","TheCorm","







  
  
    Nice looking shirt, bright colour but material quite lightweight for poplin - had hoped it would be more substantial for the money.
  
","Reviewed in the United Kingdom on 3 November 2022","4.0 out of 5 stars"
"95","Mens Tshirt","Amazon Essentials Men's Regular-Fit Short-Sleeve Poplin Shirt, Blue Gingham, XL","Glen Livet","







  
  
    Love the quality of these shirts, really nice don't feel cheap.Only issue is they come up big, I am usually a medium but it felt more like a large so you may want to order a size down.
  
","Reviewed in the United Kingdom on 2 May 2022","4.0 out of 5 stars"
"96","Mens Tshirt","Amazon Essentials Men's Regular-Fit Short-Sleeve Poplin Shirt, Blue Gingham, XL","Philip moody","







  
  
    I chose this shirt initially for the colour and I'm pleased with that. However I find that it is also well cut with no parts too tight, no itchy seams etc. I followed the measurement guide and am happy with the result too. The material is comfortable in the very hot weather that has just arrived and the stitching is nice. I find that the shirt was made in Bangladesh and I hope it has been ethically sourced, though I have no way of knowing. Having just worn it for the first time I can't say anything about what might happen after washing: fingers crossed.
  
","Reviewed in the United Kingdom on 18 July 2021","5.0 out of 5 stars"
"97","Mens Tshirt","Amazon Essentials Men's Regular-Fit Short-Sleeve Poplin Shirt, Blue Gingham, XL","Re Robinson","







  
  
    Light weight n comfortable
  
","Reviewed in the United Kingdom on 22 July 2022","4.0 out of 5 stars"
"98","Mens Tshirt","Amazon Essentials Men's Regular-Fit Short-Sleeve Poplin Shirt, Blue Gingham, XL","Allan Hildon","







  
  
    Fits as expected room to move price not bad
  
","Reviewed in the United Kingdom on 13 June 2022","4.0 out of 5 stars"
"99","Mens Tshirt","Amazon Essentials Men's Regular-Fit Short-Sleeve Poplin Shirt, Blue Gingham, XL","D MCLOUGHLIN","







  
  
    I bought four of these Amazon essentials shirts. They're all well made from good quality cotton/linen fabric and are good value for the price, but they're all a bit generous for a medium size. I bought two slim and two regular, and they're all the same rather generous regular fit.
  
","Reviewed in the United Kingdom on 30 May 2020","4.0 out of 5 stars"
"100","Mens Tshirt","Amazon Essentials Men's Regular-Fit Short-Sleeve Poplin Shirt, Blue Gingham, XL","Warwick T.","







  
  
    This shirt is a beautiful shade of blue looks great on great value for money and fast delivery
  
","Reviewed in the United Kingdom on 5 November 2022","5.0 out of 5 stars"
"101","Mens Tshirt","Amazon Essentials Men's Regular-Fit Short-Sleeve Poplin Shirt, Blue Gingham, XL","Mr James Sweeney","







  
  
    The shirt was pretty much as advertised, although the shade of pink was a little deeper than I anticipated, but still fine.
  
","Reviewed in the United Kingdom on 21 May 2021","4.0 out of 5 stars"
"102","Mens Tshirt","Amazon Essentials Men's Regular-Fit Short-Sleeve Poplin Shirt, Blue Gingham, XL","BILL PEACOCK","







  
  
    Liked the shirt liked the material did not like the fit cos it didn't fit..
  
","Reviewed in the United Kingdom on 1 June 2022","3.0 out of 5 stars"
"103","Mens Tshirt","Amazon Essentials Men's Regular-Fit Short-Sleeve Poplin Shirt, Blue Gingham, XL","Amazon Customer","







  
  
    Wanted a ""Regular sized, but was given a , ""Regular slim fit size"", which was very confusing.
  
","Reviewed in the United Kingdom on 6 April 2022","3.0 out of 5 stars"
"104","Mens Tshirt","Amazon Essentials Men's Regular-Fit Short-Sleeve Poplin Shirt, Blue Gingham, XL","Mr. M","







  
  
    Material a bit thin slightly narrow
  
","Reviewed in the United Kingdom on 2 May 2022","3.0 out of 5 stars"
"105","Mens Tshirt","Amazon Essentials Men's Regular-Fit Short-Sleeve Poplin Shirt, Blue Gingham, XL","I Creations","







  
  
    Quality of this shirt is good compared the price you pay. My only objection was style. I prefer more classic cut.
  
","Reviewed in the United Kingdom on 29 June 2021","3.0 out of 5 stars"
"106","Mens Tshirt","Amazon Essentials Men's Regular-Fit Short-Sleeve Poplin Shirt, Blue Gingham, XL","Reviewer39","







  
  
    The shirt that I brought from Amazon was amazing as it was very strong and marvellous stitching. I really liked that feeling of the clothes and it really looked nice for my brother who I bought it for. The shirt was slightly big but he would grow into it.
  
","Reviewed in the United Kingdom on 6 January 2021","5.0 out of 5 stars"
"107","Mens Tshirt","Amazon Essentials Men's Regular-Fit Short-Sleeve Poplin Shirt, Blue Gingham, XL","Kashif Khan","







  
  
    Too small at my usual ordering size. Had been meant for everyday usage but felt a tad flimsy. Sent back for an amazingly quick refund even before the shirt had arrived at the other end.
  
","Reviewed in the United Kingdom on 30 September 2020","3.0 out of 5 stars"
"108","Mens Tshirt","Amazon Essentials Men's Regular-Fit Short-Sleeve Poplin Shirt, Blue Gingham, XL","Fred","







  
  
    I like the stuff and customer service
  
","Reviewed in the United Kingdom on 20 June 2022","5.0 out of 5 stars"
"109","Mens Tshirt","Urban Classics Men's Tall Tee Oversized Short Sleeves T-Shirt with Dropped Shoulders, 100% Jersey Cotton, Navy, XXL","Amazon Customer","







  
  
    Good quality, washes without shrinking and I've bought five of them. Worth the money in my opinion.
  
","Reviewed in the United Kingdom on 29 January 2024","5.0 out of 5 stars"
"110","Mens Tshirt","Urban Classics Men's Tall Tee Oversized Short Sleeves T-Shirt with Dropped Shoulders, 100% Jersey Cotton, Navy, XXL","garetha","







  
  
    Very good buy. Great quality and nice sizing. Inexpensive to boot! Highly recommended
  
","Reviewed in the United Kingdom on 16 January 2024","5.0 out of 5 stars"
"111","Mens Tshirt","Urban Classics Men's Tall Tee Oversized Short Sleeves T-Shirt with Dropped Shoulders, 100% Jersey Cotton, Navy, XXL","Bill the Kill..","







  
  
    I Find All these Urban clasics Very good Quality Cotton , Generous in there Sizing for relaxed Comfort , and There well finished , No need for A needle and cotton , Easley and Comfortable Recommend..
  
","Reviewed in the United Kingdom on 26 July 2023","4.0 out of 5 stars"
"112","Mens Tshirt","Urban Classics Men's Tall Tee Oversized Short Sleeves T-Shirt with Dropped Shoulders, 100% Jersey Cotton, Navy, XXL","za","







  
  
    Great material and long. Have a long torso and hate the skin show of bending over but these cover it all
  
","Reviewed in the United Kingdom on 4 January 2024","5.0 out of 5 stars"
"113","Mens Tshirt","Urban Classics Men's Tall Tee Oversized Short Sleeves T-Shirt with Dropped Shoulders, 100% Jersey Cotton, Navy, XXL","Sapphire ","







  
  
    Perfect size, perfect colour, great quality.
  
","Reviewed in the United Kingdom on 24 December 2023","5.0 out of 5 stars"
"114","Mens Tshirt","Urban Classics Men's Tall Tee Oversized Short Sleeves T-Shirt with Dropped Shoulders, 100% Jersey Cotton, Navy, XXL","Tim T.","







  
  
    Ordered 2x 4XL+, the labels on both just say ""4XL"" and one of them fits perfectly, the other is too small. So the sizing is inconsistent. Ordered another 2 in the hopes that they fit as well at the first, will update once they arrive.Update: the two new ones that arrived fit as expected üëå
  
","Reviewed in the United Kingdom on 9 November 2023","3.0 out of 5 stars"
"115","Mens Tshirt","Urban Classics Men's Tall Tee Oversized Short Sleeves T-Shirt with Dropped Shoulders, 100% Jersey Cotton, Navy, XXL","TJM","







  
  
    The quality is good and it's nice a long as promised. No more cold back
  
","Reviewed in the United Kingdom on 27 November 2023","5.0 out of 5 stars"
"116","Mens Tshirt","Urban Classics Men's Tall Tee Oversized Short Sleeves T-Shirt with Dropped Shoulders, 100% Jersey Cotton, Navy, XXL","D. M. Livesey","







  
  
    Nice material,  long length as required,  good price,  as described
  
","Reviewed in the United Kingdom on 15 November 2023","5.0 out of 5 stars"
"117","Mens Tshirt","Urban Classics Men's Tall Tee Oversized Short Sleeves T-Shirt with Dropped Shoulders, 100% Jersey Cotton, Navy, XXL","Jasebabe","







  
  
    I like that these are a little longer than usual as if you have a tummy, these hide it.  Its a good quality T-Shirt for not a lot of money.
  
","Reviewed in the United Kingdom on 11 February 2024","5.0 out of 5 stars"
"118","Mens Tshirt","Urban Classics Men's Tall Tee Oversized Short Sleeves T-Shirt with Dropped Shoulders, 100% Jersey Cotton, Navy, XXL","twathead","







  
  
    Long enough weight good enough to wear anywhere just no fashion symbol.  Worth it tho for the fat bellied
  
","Reviewed in the United Kingdom on 26 December 2023","4.0 out of 5 stars"
"119","Mens Tshirt","Urban Classics Men's Tall Tee Oversized Short Sleeves T-Shirt with Dropped Shoulders, 100% Jersey Cotton, Navy, XXL","Galben I.","







  
  
    I am 192 cm tall and weigh 85 kg. Finally, I have found T-shirts that fit me. I ordered a size M. I haven't worn them yet. I have ordered a second one.
  
","Reviewed in the United Kingdom on 10 January 2024","5.0 out of 5 stars"
"120","Mens Tshirt","Urban Classics Men's Tall Tee Oversized Short Sleeves T-Shirt with Dropped Shoulders, 100% Jersey Cotton, Navy, XXL","Mr Bert Lahr","







  
  
    Good quality cotton, well made and comfortable.
  
","Reviewed in the United Kingdom on 21 November 2023","4.0 out of 5 stars"
"121","Mens Tshirt","Urban Classics Men's Tall Tee Oversized Short Sleeves T-Shirt with Dropped Shoulders, 100% Jersey Cotton, Navy, XXL","gail mcphee","







  
  
    it is a lovely cotton T nice and long most tops are way too short -- very pleased and nice colour
  
","Reviewed in the United Kingdom on 15 September 2023","4.0 out of 5 stars"
"122","Mens Tshirt","Urban Classics Men's Tall Tee Oversized Short Sleeves T-Shirt with Dropped Shoulders, 100% Jersey Cotton, Navy, XXL","Sinead","







  
  
    Got it as part of my uniform for my soul-draining job, So I can't think of anything good to say, I only think of it in a negative assosiation- not the t-shirts fault though. Also bit dear for just a plain red t-shirt..
  
","Reviewed in the United Kingdom on 7 August 2023","4.0 out of 5 stars"
"123","Mens Tshirt","Urban Classics Men's Tall Tee Oversized Short Sleeves T-Shirt with Dropped Shoulders, 100% Jersey Cotton, Navy, XXL","fat bloke 13","







  
  
    Good quality material a true sizings fit and feel great when wearing and wash well 4xl is a true 4xl many cliam to be a size while really they are atleast 2 size smaller
  
","Reviewed in the United Kingdom on 13 July 2023","4.0 out of 5 stars"
"124","Mens Tshirt","Urban Classics Men's Tall Tee Oversized Short Sleeves T-Shirt with Dropped Shoulders, 100% Jersey Cotton, Navy, XXL","AB","







  
  
    Good quality and fit
  
","Reviewed in the United Kingdom on 3 December 2023","5.0 out of 5 stars"
"125","Mens Tshirt","Urban Classics Men's Tall Tee Oversized Short Sleeves T-Shirt with Dropped Shoulders, 100% Jersey Cotton, Navy, XXL","Amazon Customer","







  
  
    Superb t shirt,many thanks üòÄ
  
","Reviewed in the United Kingdom on 28 November 2023","5.0 out of 5 stars"
"126","Mens Tshirt","Urban Classics Men's Tall Tee Oversized Short Sleeves T-Shirt with Dropped Shoulders, 100% Jersey Cotton, Navy, XXL","Steve","







  
  
    I like these t-shirts, they are decent quality cotton and for a chubby guy like me they have a decent length that fits over my midriff. I have a few of them and my only criticism of the product/seller is that more popular colours like black and white are never in stock. They are very good value for the money.Unfortunately, the last one was delivered on a Sunday when I wasn't at home. It would have fitted through my letterbox, instead the driver left it on my doorstep. Amazingly, it was still there when I returned home 24 hours later, but it was a real advert for any local burglars that I was away from home.
  
","Reviewed in the United Kingdom on 26 June 2023","3.0 out of 5 stars"
"127","Mens Tshirt","Urban Classics Men's Tall Tee Oversized Short Sleeves T-Shirt with Dropped Shoulders, 100% Jersey Cotton, Navy, XXL","Mustafe","







  
  
    Nice cotton shirt
  
","Reviewed in the United Kingdom on 18 November 2023","5.0 out of 5 stars"
"128","Mens Tshirt","Urban Classics Men's Tall Tee Oversized Short Sleeves T-Shirt with Dropped Shoulders, 100% Jersey Cotton, Navy, XXL","Ike","







  
  
    If like me you don't like skin tight T's with sleeves that threaten to cut off the circulation to your arms then this is the style for you. Love it.
  
","Reviewed in the United Kingdom on 8 October 2023","5.0 out of 5 stars"
"129","Mens Tshirt","Urban Classics Men's Tall Tee Oversized Short Sleeves T-Shirt with Dropped Shoulders, 100% Jersey Cotton, Navy, XXL","dale conchie","







  
  
    At 6'8"" these fit me like how regular t shirts fit your average guy. No more looking at the little fellas in envy as i stand rocking a crop top
  
","Reviewed in the United Kingdom on 6 October 2023","5.0 out of 5 stars"
"130","Mens Tshirt","Urban Classics Men's Tall Tee Oversized Short Sleeves T-Shirt with Dropped Shoulders, 100% Jersey Cotton, Navy, XXL","Richard","







  
  
    Good size for gym not too tight.
  
","Reviewed in the United Kingdom on 31 October 2023","5.0 out of 5 stars"
"131","Mens Tshirt","Urban Classics Men's Tall Tee Oversized Short Sleeves T-Shirt with Dropped Shoulders, 100% Jersey Cotton, Navy, XXL","Keith N.","







  
  
    Nice fit for a larger person like myself and the material is good also
  
","Reviewed in the United Kingdom on 17 October 2023","5.0 out of 5 stars"
"132","Mens Tshirt","Urban Classics Men's Tall Tee Oversized Short Sleeves T-Shirt with Dropped Shoulders, 100% Jersey Cotton, Navy, XXL","Wesley Magoogan","







  
  
    Good quality
  
","Reviewed in the United Kingdom on 31 October 2023","5.0 out of 5 stars"
"133","Mens Tshirt","Urban Classics Men's Tall Tee Oversized Short Sleeves T-Shirt with Dropped Shoulders, 100% Jersey Cotton, Navy, XXL","kh1234567890","







  
  
    Being some 6ft tall it always seemed that normal XL T-shirts were cut for obese midgets. This one actually fits and does not shrink lengthwise in the wash. Six months on and many washes later it is still going strong. Same for the other colours.
  
","Reviewed in the United Kingdom on 13 August 2023","5.0 out of 5 stars"
"134","Mens Tshirt","Urban Classics Men's Tall Tee Oversized Short Sleeves T-Shirt with Dropped Shoulders, 100% Jersey Cotton, Navy, XXL","Philip Mason","







  
  
    If, like me you have a bit of extra flab this shirt will cover it and still has a good length, I get 2xl for a comfy fit.One thing to note, these shirts are prone to shrinking on a normal wash, I was my stuff on a refresh 20‚Å∞ cycle.
  
","Reviewed in the United Kingdom on 24 January 2023","4.0 out of 5 stars"
"135","Mens Tshirt","Urban Classics Men's Tall Tee Oversized Short Sleeves T-Shirt with Dropped Shoulders, 100% Jersey Cotton, Navy, XXL","Very comfortable ","







  
  
    Would say order 1 size bigger than you always buy but it is a very comfortable T-shirt
  
","Reviewed in the United Kingdom on 23 September 2023","5.0 out of 5 stars"
"136","Mens Tshirt","Under Armour Men's Sportstyle Lc Ss Super Soft Men's T Shirt for Training and Fitness, Fast-Drying Men's T Shirt with Graphic (Pack of 1)","peter","







  
  
    I‚Äôve bought a few Under Armour T-shirts from buyers on here and this is by far the best. The elasticity keeps it feeling and but not tight fit. They‚Äôre really good quality.
  
","Reviewed in the United Kingdom on 30 December 2023","5.0 out of 5 stars"
"137","Mens Tshirt","Under Armour Men's Sportstyle Lc Ss Super Soft Men's T Shirt for Training and Fitness, Fast-Drying Men's T Shirt with Graphic (Pack of 1)","Lucy Harkin","







  
  
    Gift for my husband, perfect for working out
  
","Reviewed in the United Kingdom on 7 February 2024","5.0 out of 5 stars"
"138","Mens Tshirt","Under Armour Men's Sportstyle Lc Ss Super Soft Men's T Shirt for Training and Fitness, Fast-Drying Men's T Shirt with Graphic (Pack of 1)","Bo17","







  
  
    Nice fit and material
  
","Reviewed in the United Kingdom on 10 February 2024","4.0 out of 5 stars"
"139","Mens Tshirt","Under Armour Men's Sportstyle Lc Ss Super Soft Men's T Shirt for Training and Fitness, Fast-Drying Men's T Shirt with Graphic (Pack of 1)","S P.","







  
  
    Nice and light and comfortable when i've worn it in the gym
  
","Reviewed in the United Kingdom on 18 January 2024","5.0 out of 5 stars"
"140","Mens Tshirt","Under Armour Men's Sportstyle Lc Ss Super Soft Men's T Shirt for Training and Fitness, Fast-Drying Men's T Shirt with Graphic (Pack of 1)","Daniel G.","







  
  
    Product true to size, bought as a present for my son to wear to the gym
  
","Reviewed in the United Kingdom on 4 February 2024","5.0 out of 5 stars"
"141","Mens Tshirt","Under Armour Men's Sportstyle Lc Ss Super Soft Men's T Shirt for Training and Fitness, Fast-Drying Men's T Shirt with Graphic (Pack of 1)","Lydia Hiley","







  
  
    Love the colour and fit of this good quality material, nothing to dislike!
  
","Reviewed in the United Kingdom on 24 January 2024","5.0 out of 5 stars"
"142","Mens Tshirt","Under Armour Men's Sportstyle Lc Ss Super Soft Men's T Shirt for Training and Fitness, Fast-Drying Men's T Shirt with Graphic (Pack of 1)","Mr. Gentleman","







  
  
    Decent and provide a reasonable level of qualityProsThe shirts is lightweight and breathableGreat for physical activity or outdoor adventures.They wick away moisture effectivelyKeeps you dry and comfortableDecent priceConssizing bit inconsistentStarted to show some bobbles, underarm area... Shame it Under Armour and not Under ArmOverall - Offer a good balance of style, comfort, and functionality, making them a worthwhile option to consider.
  
","Reviewed in the United Kingdom on 26 February 2023","3.0 out of 5 stars"
"143","Mens Tshirt","Under Armour Men's Sportstyle Lc Ss Super Soft Men's T Shirt for Training and Fitness, Fast-Drying Men's T Shirt with Graphic (Pack of 1)","Jo","







  
  
    So comfortable and nice on the body
  
","Reviewed in the United Kingdom on 5 February 2024","5.0 out of 5 stars"
"144","Mens Tshirt","Under Armour Men's Sportstyle Lc Ss Super Soft Men's T Shirt for Training and Fitness, Fast-Drying Men's T Shirt with Graphic (Pack of 1)","Arthur","







  
  
    Very good product, breathable -comfy! Great value for money
  
","Reviewed in the United Kingdom on 12 February 2024","5.0 out of 5 stars"
"145","Mens Tshirt","Under Armour Men's Sportstyle Lc Ss Super Soft Men's T Shirt for Training and Fitness, Fast-Drying Men's T Shirt with Graphic (Pack of 1)","Paul","







  
  
    Very good
  
","Reviewed in the United Kingdom on 1 February 2024","5.0 out of 5 stars"
"146","Mens Tshirt","Under Armour Men's Sportstyle Lc Ss Super Soft Men's T Shirt for Training and Fitness, Fast-Drying Men's T Shirt with Graphic (Pack of 1)","Harley Bob","







  
  
    Good fit
  
","Reviewed in the United Kingdom on 30 January 2024","5.0 out of 5 stars"
"147","Mens Tshirt","Under Armour Men's Sportstyle Lc Ss Super Soft Men's T Shirt for Training and Fitness, Fast-Drying Men's T Shirt with Graphic (Pack of 1)","Helen P","







  
  
    I bought this for my son so that he could use it for sporting activities. It looks great either as a casual t-shirt or when used for sports. The material is stretchy so it should be quite durable and looks and feels good quality. Bought as size medium and it fits as expected.
  
","Reviewed in the United Kingdom on 27 December 2023","5.0 out of 5 stars"
"148","Mens Tshirt","Under Armour Men's Sportstyle Lc Ss Super Soft Men's T Shirt for Training and Fitness, Fast-Drying Men's T Shirt with Graphic (Pack of 1)","paulina kidd","







  
  
    Perfect fit
  
","Reviewed in the United Kingdom on 17 January 2024","5.0 out of 5 stars"
"149","Mens Tshirt","Under Armour Men's Sportstyle Lc Ss Super Soft Men's T Shirt for Training and Fitness, Fast-Drying Men's T Shirt with Graphic (Pack of 1)","Stewart","







  
  
    grandson very pleased
  
","Reviewed in the United Kingdom on 12 January 2024","5.0 out of 5 stars"
"150","Mens Tshirt","Under Armour Men's Sportstyle Lc Ss Super Soft Men's T Shirt for Training and Fitness, Fast-Drying Men's T Shirt with Graphic (Pack of 1)","Amazon Customer","







  
  
    this is a gift for someone else.
  
","Reviewed in the United Kingdom on 24 November 2023","4.0 out of 5 stars"
"151","Mens Tshirt","Under Armour Men's Sportstyle Lc Ss Super Soft Men's T Shirt for Training and Fitness, Fast-Drying Men's T Shirt with Graphic (Pack of 1)","Amazon Customer","







  
  
    Good price and good quality
  
","Reviewed in the United Kingdom on 6 January 2024","5.0 out of 5 stars"
"152","Mens Tshirt","Under Armour Men's Sportstyle Lc Ss Super Soft Men's T Shirt for Training and Fitness, Fast-Drying Men's T Shirt with Graphic (Pack of 1)","Reviewer 628939","







  
  
    Good t shirt. This is a snugger fit than my other under armour tee which is a tech tee.Also watch for postage costs as it‚Äôs not that clear on the price at the top.
  
","Reviewed in the United Kingdom on 7 October 2023","4.0 out of 5 stars"
"153","Mens Tshirt","Under Armour Men's Sportstyle Lc Ss Super Soft Men's T Shirt for Training and Fitness, Fast-Drying Men's T Shirt with Graphic (Pack of 1)","macca","







  
  
    Ideal for gym
  
","Reviewed in the United Kingdom on 5 January 2024","5.0 out of 5 stars"
"154","Mens Tshirt","Under Armour Men's Sportstyle Lc Ss Super Soft Men's T Shirt for Training and Fitness, Fast-Drying Men's T Shirt with Graphic (Pack of 1)","Michael Hemsley","







  
  
    Fits great easy to pack no need for ironing comfortable I have 4or5 now and happy but if I had one complaint it is there‚Äôs not enough colours only seems to be 4 ! Hence 4  stars
  
","Reviewed in the United Kingdom on 27 July 2023","4.0 out of 5 stars"
"155","Mens Tshirt","Under Armour Men's Sportstyle Lc Ss Super Soft Men's T Shirt for Training and Fitness, Fast-Drying Men's T Shirt with Graphic (Pack of 1)","David","







  
  
    These have fast become my go to sports t-shirts.
  
","Reviewed in the United Kingdom on 6 December 2023","5.0 out of 5 stars"
"156","Mens Tshirt","Under Armour Men's Sportstyle Lc Ss Super Soft Men's T Shirt for Training and Fitness, Fast-Drying Men's T Shirt with Graphic (Pack of 1)","Paul rhodes","







  
  
    8/10
  
","Reviewed in the United Kingdom on 4 September 2023","4.0 out of 5 stars"
"157","Mens Tshirt","Under Armour Men's Sportstyle Lc Ss Super Soft Men's T Shirt for Training and Fitness, Fast-Drying Men's T Shirt with Graphic (Pack of 1)","Richard Maycock","







  
  
    Nice casual shirt, although wouldn't class it as gym wear
  
","Reviewed in the United Kingdom on 15 August 2023","4.0 out of 5 stars"
"158","Mens Tshirt","Under Armour Men's Sportstyle Lc Ss Super Soft Men's T Shirt for Training and Fitness, Fast-Drying Men's T Shirt with Graphic (Pack of 1)","Anne Scragg","







  
  
    Good fit, well made
  
","Reviewed in the United Kingdom on 27 November 2023","5.0 out of 5 stars"
"159","Mens Tshirt","Under Armour Men's Sportstyle Lc Ss Super Soft Men's T Shirt for Training and Fitness, Fast-Drying Men's T Shirt with Graphic (Pack of 1)","Nicola Poulter","







  
  
    Good
  
","Reviewed in the United Kingdom on 28 November 2023","5.0 out of 5 stars"
"160","Mens Tshirt","Under Armour Men's Sportstyle Lc Ss Super Soft Men's T Shirt for Training and Fitness, Fast-Drying Men's T Shirt with Graphic (Pack of 1)","Elizabeth M.","







  
  
    Very good quality and washes well.
  
","Reviewed in the United Kingdom on 17 November 2023","5.0 out of 5 stars"
"161","Mens Tshirt","Under Armour Men's Sportstyle Lc Ss Super Soft Men's T Shirt for Training and Fitness, Fast-Drying Men's T Shirt with Graphic (Pack of 1)","Sam","







  
  
    Great fit, I am broad chested but have a bit of a beer gut. This top is not tight over my belly and the longer fit is slimming if that is what you are after.Worth the price for a comfortable and quick drying sports shirt.
  
","Reviewed in the United Kingdom on 17 September 2023","5.0 out of 5 stars"
"162","Mens Tshirt","Under Armour Men's Sportstyle Lc Ss Super Soft Men's T Shirt for Training and Fitness, Fast-Drying Men's T Shirt with Graphic (Pack of 1)","Amazon Customer","







  
  
    Brilliant quality
  
","Reviewed in the United Kingdom on 11 November 2023","5.0 out of 5 stars"
"163","Mens Tshirt","Tommy Hilfiger Men's Tommy Logo Tee T-Shirt","Alex ","







  
  
    It was a gift for my partner and it fitted very well. I like the style, quality and great value
  
","Reviewed in the United Kingdom on 11 January 2024","5.0 out of 5 stars"
"164","Mens Tshirt","Tommy Hilfiger Men's Tommy Logo Tee T-Shirt","JimD","







  
  
    This is a nice T shirt Good quality.  And nice feel.Time will tell how well it washes but si far first class
  
","Reviewed in the United Kingdom on 14 January 2024","5.0 out of 5 stars"
"165","Mens Tshirt","Tommy Hilfiger Men's Tommy Logo Tee T-Shirt","Tony","







  
  
    Nice top . But the size XL was too tight fitting compared to XL in adidas and wrangler that are loose and slightly baggy . If a size chart with other brand sizes as comparison I'd of gone a size or 2 sizes larger instead of XL being a very tight fit .I wonder if retailers will say what size in other brands you need to get a few sizes higher in this brand .simple problem solved
  
","Reviewed in the United Kingdom on 2 October 2023","4.0 out of 5 stars"
"166","Mens Tshirt","Tommy Hilfiger Men's Tommy Logo Tee T-Shirt","charlotte clarke","







  
  
    Great t-shirt. Genuine product and fast delivery. Very happy with my order.
  
","Reviewed in the United Kingdom on 19 January 2024","5.0 out of 5 stars"
"167","Mens Tshirt","Tommy Hilfiger Men's Tommy Logo Tee T-Shirt","Lainey","







  
  
    Quality, good size & price
  
","Reviewed in the United Kingdom on 1 December 2023","5.0 out of 5 stars"
"168","Mens Tshirt","Tommy Hilfiger Men's Tommy Logo Tee T-Shirt","Mr. Mark A. Duncan","







  
  
    Nice top and fit as expected.
  
","Reviewed in the United Kingdom on 7 December 2023","5.0 out of 5 stars"
"169","Mens Tshirt","Tommy Hilfiger Men's Tommy Logo Tee T-Shirt","S Cottiss","







  
  
    Very pleased with t shirt. Seems good quality.
  
","Reviewed in the United Kingdom on 23 January 2024","5.0 out of 5 stars"
"170","Mens Tshirt","Tommy Hilfiger Men's Tommy Logo Tee T-Shirt","Michelle Heron","







  
  
    Lovely designer t shirt bought for my son who loves it. Always buy Tommy Hilfiger t shirts for quality style
  
","Reviewed in the United Kingdom on 8 January 2024","5.0 out of 5 stars"
"171","Mens Tshirt","Tommy Hilfiger Men's Tommy Logo Tee T-Shirt","Amazon Customer","







  
  
    Nice
  
","Reviewed in the United Kingdom on 28 December 2023","5.0 out of 5 stars"
"172","Mens Tshirt","Tommy Hilfiger Men's Tommy Logo Tee T-Shirt","mr m j simmons","







  
  
    Very nice t shirt, would recommend.
  
","Reviewed in the United Kingdom on 18 December 2023","5.0 out of 5 stars"
"173","Mens Tshirt","Tommy Hilfiger Men's Tommy Logo Tee T-Shirt","vince stevens.","







  
  
    This was bought as a gift for Christmas, I'm sure it will be well received.
  
","Reviewed in the United Kingdom on 29 November 2023","5.0 out of 5 stars"
"174","Mens Tshirt","Tommy Hilfiger Men's Tommy Logo Tee T-Shirt","Serviceepps","







  
  
    Price and delivery OK but can't comment on anything else as it is a Christmas Gift.
  
","Reviewed in the United Kingdom on 21 November 2023","5.0 out of 5 stars"
"175","Mens Tshirt","Tommy Hilfiger Men's Tommy Logo Tee T-Shirt","Craig","







  
  
    I float between a medium and large in most shirts and have found it hard to judge the Tommy style. I am 5""11 and wear a 32 short in trouser/jeans (long torso, short legs) a large fit perfectly.
  
","Reviewed in the United Kingdom on 20 October 2023","5.0 out of 5 stars"
"176","Mens Tshirt","Tommy Hilfiger Men's Tommy Logo Tee T-Shirt","R. Poot","







  
  
    Good fit, design distracts from the moobs!üòÇ
  
","Reviewed in the United Kingdom on 27 July 2023","4.0 out of 5 stars"
"177","Mens Tshirt","Tommy Hilfiger Men's Tommy Logo Tee T-Shirt","Julie","







  
  
    Really quick delivery. A great quality top and the colour is really vibrant, which I wanted. Other yellow tops have been dull and disappointing.As others have commented the top does come up slightly smaller than anticipated but that is due to the top being quite square and so a little tighter around the shoulders and back. So re-ordered a XL and fits perfect.
  
","Reviewed in the United Kingdom on 12 April 2023","4.0 out of 5 stars"
"178","Mens Tshirt","Tommy Hilfiger Men's Tommy Logo Tee T-Shirt","Filipe","







  
  
    I usually don‚Äôt like to rate something so quick but here I wanna rate two things, service and quality. Service because is the first time using try 7 days before buying from Amazon what I can see is an excellent service in my opinion that before purchasing we can than try it and yes after paying for it, anyway I know that even if it wouldn‚Äôt fit or something it would be wrong we could than send it back and get the refund but somehow is the process of refunding, etc. In terms of the T-shirt itself, I am amazed and not like what a lot of people says in some reviews, quality not good, fake, etc. For sure this is genuine and top quality, thicker than I actually thought what is great, I did purchase a Hugo Boss T-shirt last year not on Amazon but I paid almost 3 times of what I paid for this one and is soooooo thin, a bit disappointing but I did loved the T-shirt so I kept it. I love Tommy Hilfiger clothes, I have few and to be honest never got disappointed. As you can see in the images, it looks a very good fabric (organic cotton) and fits perfect. Love it üòä
  
","Reviewed in the United Kingdom on 3 July 2022","5.0 out of 5 stars"
"179","Mens Tshirt","Tommy Hilfiger Men's Tommy Logo Tee T-Shirt","Filipe","







  
  
    Received the item (wrong size was sent but that's human error more than anything), as a product it feels a really good quality but the page description states that it is a regular fit when in fact it is a slim fit, so basically requires buying a size two up from normal.
  
","Reviewed in the United Kingdom on 15 July 2023","5.0 out of 5 stars"
"180","Mens Tshirt","Tommy Hilfiger Men's Tommy Logo Tee T-Shirt","George","







  
  
    The t-shirt is the quality you would expect from the brand and price. It fitted my son as he wanted it to, tight, muscle fit. It washes really nicely and retained it's shape well.
  
","Reviewed in the United Kingdom on 26 August 2023","3.0 out of 5 stars"
"181","Mens Tshirt","Tommy Hilfiger Men's Tommy Logo Tee T-Shirt","Glen fitzhugh","







  
  
    Order a size bigger , other than that all good
  
","Reviewed in the United Kingdom on 21 May 2023","4.0 out of 5 stars"
"182","Mens Tshirt","Tommy Hilfiger Men's Tommy Logo Tee T-Shirt","Marcjanna","







  
  
    Product is fine, quality too , but it absolutely isn't true to size, I bought it for my boyfriend (size L men) , but I it was much too small, more like S .
  
","Reviewed in the United Kingdom on 9 July 2023","3.0 out of 5 stars"
"183","Mens Tshirt","Tommy Hilfiger Men's Tommy Logo Tee T-Shirt","Nath","







  
  
    Shirt is perfectly fine .But honestly the delivery was terrible just thrown on the doorstep in view of the road not left in a safe place at all
  
","Reviewed in the United Kingdom on 30 August 2023","5.0 out of 5 stars"
"184","Mens Tshirt","Tommy Hilfiger Men's Tommy Logo Tee T-Shirt","Wayne ","







  
  
    Excellent quality
  
","Reviewed in the United Kingdom on 26 September 2023","5.0 out of 5 stars"
"185","Mens Tshirt","Tommy Hilfiger Men's Tommy Logo Tee T-Shirt","Dunc","







  
  
    Faded after two washes not that impressed .
  
","Reviewed in the United Kingdom on 10 April 2023","4.0 out of 5 stars"
"186","Mens Tshirt","Tommy Hilfiger Men's Tommy Logo Tee T-Shirt","Lisa","







  
  
    If you order this order a size bigger it‚Äôs a lovely T-shirt but could of done with a size bigger
  
","Reviewed in the United Kingdom on 19 June 2023","3.0 out of 5 stars"
"187","Mens Tshirt","Tommy Hilfiger Men's Tommy Logo Tee T-Shirt","Mark B.","







  
  
    Bought 3xl however its more an XL.Product other than sizing was top notch.
  
","Reviewed in the United Kingdom on 13 June 2023","3.0 out of 5 stars"
"188","Mens Tshirt","Tommy Hilfiger Men's Tommy Logo Tee T-Shirt","Mr. J. LB","







  
  
    I have an identical TH shirt in white (M) which fits fine but for some reason this one is a little small, would have bought a size up, had I known.
  
","Reviewed in the United Kingdom on 18 November 2022","4.0 out of 5 stars"
"189","Mens Tshirt","Tommy Hilfiger Men's Tommy Logo Tee T-Shirt","Steve B","







  
  
    Ordered a Large but it was way too small. Sent back.
  
","Reviewed in the United Kingdom on 15 May 2023","3.0 out of 5 stars"
"190","Mens Tshirt","Champion Herren Klassisches Grafik T-Shirt","john D","







  
  
    Picked up four of these two burgundy and two blue ones they are good quality and true to size go great with jeans or tracksuit bottoms, for the price they are good value and worth the money well made comfortable and good material unlike a lot of other  T shirts now days
  
","Reviewed in the United Kingdom on 26 December 2023","5.0 out of 5 stars"
"191","Mens Tshirt","Champion Herren Klassisches Grafik T-Shirt","John OKeefe","







  
  
    All OK
  
","Reviewed in the United Kingdom on 30 May 2023","5.0 out of 5 stars"
"192","Mens Tshirt","Champion Herren Klassisches Grafik T-Shirt","Mr LEE","







  
  
    Excellent quality T-shirtReally good quality feels & looksgreat.
  
","Reviewed in the United Kingdom on 11 September 2022","5.0 out of 5 stars"
"193","Mens Tshirt","Champion Herren Klassisches Grafik T-Shirt","J B.","







  
  
    Had to knock a star of as it was sent screwed up in the bottom of a clear plastic bag and thrown over the gate.
  
","Reviewed in the United Kingdom on 16 August 2023","4.0 out of 5 stars"
"194","Mens Tshirt","Champion Herren Klassisches Grafik T-Shirt","shooter37","







  
  
    Top quality t-shirt for a great price.
  
","Reviewed in the United Kingdom on 4 July 2021","5.0 out of 5 stars"
"195","Mens Tshirt","Champion Herren Klassisches Grafik T-Shirt","DEAN B","







  
  
    size to big for xl
  
","Reviewed in the United Kingdom on 8 November 2023","3.0 out of 5 stars"
"196","Mens Tshirt","Champion Herren Klassisches Grafik T-Shirt","Isfhan Rashid","







  
  
    Everything seems to be okay fitted perfectly (Medium) and very comfy.
  
","Reviewed in the United Kingdom on 1 October 2023","5.0 out of 5 stars"
"197","Mens Tshirt","Champion Herren Klassisches Grafik T-Shirt","Isfhan Rashid","







  
  
    Got this for my son's dad he loves it
  
","Reviewed in the United States on 22 June 2018","5.0 out of 5 stars"
"198","Mens Tshirt","Champion Herren Klassisches Grafik T-Shirt","Prettyface_Lesterüòç","







  
  
    Fits nicely and love the colour
  
","Reviewed in Canada on 26 November 2023","4.0 out of 5 stars"
"199","Mens Tshirt","Champion Herren Klassisches Grafik T-Shirt","Mrs Gee","







  
  
    Very long
  
","Reviewed in the United States on 17 February 2018","3.0 out of 5 stars"
"200","Mens Tshirt","Champion Herren Klassisches Grafik T-Shirt","JN","







  
  
    Washes well, fits well, and looks great.
  
","Reviewed in the United States on 16 February 2018","5.0 out of 5 stars"
"201","Mens Tshirt","Champion Herren Klassisches Grafik T-Shirt","kingsmummy","







  
  
    Great material.
  
","Reviewed in the United States on 14 May 2021","5.0 out of 5 stars"
"202","Mens Tshirt","Champion Herren Klassisches Grafik T-Shirt","Daniel ","







  
  
    Was a tiny bit itchy when it arrived, though totally went away after the first wash, which is expected anyway lol. Super comfortable and looks great.
  
","Reviewed in Australia on 15 October 2022","5.0 out of 5 stars"
"203","Mens Tshirt","Champion Herren Klassisches Grafik T-Shirt","Paul Sutherland","







  
  
    Great shirt. Fits great. Comfortable. Catch hell for the red lettering though. Red is my favorite color so get over it.
  
","Reviewed in the United States on 11 June 2018","5.0 out of 5 stars"
"204","Mens Tshirt","Champion Herren Klassisches Grafik T-Shirt","G. Young","







  
  
    Great color, looks super good on. I'm a big fan of Champion and I'm always on the look out for new Champion colors. Got a Medium, it fit perfect. The material however was not the softest. Still a great purchase :-) Would buy again
  
","Reviewed in the United States on 13 August 2020","5.0 out of 5 stars"
"205","Mens Tshirt","Champion Herren Klassisches Grafik T-Shirt","LizzyM","







  
  
    Nice thick shirt. My husband loved it.
  
","Reviewed in the United States on 30 March 2019","5.0 out of 5 stars"
"206","Mens Tshirt","Champion Herren Klassisches Grafik T-Shirt","#1TRACKMAN","







  
  
    Nice shirt. Good quality.
  
","Reviewed in the United States on 8 October 2018","5.0 out of 5 stars"
"207","Mens Tshirt","Champion Herren Klassisches Grafik T-Shirt","sochiman","







  
  
    Nice.
  
","Reviewed in the United States on 1 March 2018","5.0 out of 5 stars"
"208","Mens Tshirt","Champion Herren Klassisches Grafik T-Shirt","none","







  
  
    Quality of shirt is good, but size is a bit larger than the chart indicated.
  
","Reviewed in the United States on 27 July 2018","3.0 out of 5 stars"
"209","Mens Tshirt","Champion Herren Klassisches Grafik T-Shirt","Kelmon","







  
  
    It arrive on time and fast delivery. The shirt is just a normal T shirt it looks better on amazon than in person. Its not thin nor is it thick ether, its just in between that. Its not bad if u are just looking a regular T shirt.
  
","Reviewed in the United States on 1 November 2018","3.0 out of 5 stars"
"210","Mens Tshirt","Champion Herren Klassisches Grafik T-Shirt","Tyrell McDowall","







  
  
    Great shirt
  
","Reviewed in Canada on 29 June 2018","5.0 out of 5 stars"
"211","Mens Tshirt","Champion Herren Klassisches Grafik T-Shirt","Jochen Riegg","







  
    Aber f√ºr Sommer eher ungeeignet da zu dicker Stoff. Aber alles im ganzen geiles Shirt.
  
  
","Reviewed in Germany on 20 July 2023","5.0 out of 5 stars"
"212","Mens Tshirt","Champion Herren Klassisches Grafik T-Shirt","PurpelNoon","







  
  
    I've purchased several XXl t-shirts for the gym and many are tight from the get go or get tighter as you go. This shirt has a comfortable generous fit and hasn't shrunk.
  
","Reviewed in the United States on 25 February 2019","5.0 out of 5 stars"
"213","Mens Tshirt","Champion Herren Klassisches Grafik T-Shirt","David","







  
  
    The shirts fit in between light and heavy duty. They fit slightly big around the shoulders. I'm 6'0'' 182 lbs. I bought them for basketball so I just wanted something with a little room in the sleeves so I can shoot and these fit nice for that.Good Quality Shirt Too.
  
","Reviewed in the United States on 23 February 2018","4.0 out of 5 stars"
"214","Mens Tshirt","Champion Herren Klassisches Grafik T-Shirt","Elvin tan","







  
  
    Nice cotton material, good fit and feels durable.
  
","Reviewed in Singapore on 27 August 2023","5.0 out of 5 stars"
"215","Mens Tshirt","Champion Herren Klassisches Grafik T-Shirt","Germano","







  
    Maglietta in cotone ben fatta, taglio regolare, no elasten, comoda e pratica. Corrispondente all‚Äôimmagine e alla descrizione.
  
  
","Reviewed in Italy on 24 March 2023","5.0 out of 5 stars"
"216","Mens Tshirt","Champion Herren Klassisches Grafik T-Shirt","T. Sawaengdee","







  
  
    Good quality
  
","Reviewed in the United States on 25 December 2018","4.0 out of 5 stars"
"217","Mens Tshirt","Jack and Jones Mens Gingham Shirt","mondo","







  
  
    Very well made shirt ,nice fit and decent price.
  
","Reviewed in the United Kingdom on 12 February 2024","5.0 out of 5 stars"
"218","Mens Tshirt","Jack and Jones Mens Gingham Shirt","Preston & Teneal","







  
  
    Not the thickest fabric and sizing a little weird. I'd normally take a 2XL but the sizing chart led me to go for the 3XL Plus. The fit is pretty good, with the sleeves just a tad lengthy. The garment would benefit from a bit more structure in the collar and cuffs, but I'd say it represents good value for the price paid.
  
","Reviewed in the United Kingdom on 8 January 2024","4.0 out of 5 stars"
"219","Mens Tshirt","Jack and Jones Mens Gingham Shirt","Ryder","







  
  
    Really nice looking shirt.the fit is great. Material is soft, thin , but still keeps you warm.  I have the dark green and black, and I think It looks great.I love it. I'm sure I order more in the future
  
","Reviewed in the United Kingdom on 2 January 2024","5.0 out of 5 stars"
"220","Mens Tshirt","Jack and Jones Mens Gingham Shirt","Richard","







  
  
    Much too tight for the size given. I ordered a large which is usually fine for me, but on this my slightly overweight belly was sticking out and pushing the buttons. Gave it to a relative in the end. Order one or even two sizes up.
  
","Reviewed in the United Kingdom on 28 December 2023","3.0 out of 5 stars"
"221","Mens Tshirt","Jack and Jones Mens Gingham Shirt","danni456","







  
  
    Looked and felt great. Bought for my dad. Fits and washes well
  
","Reviewed in the United Kingdom on 13 February 2024","5.0 out of 5 stars"
"222","Mens Tshirt","Jack and Jones Mens Gingham Shirt","Muz","







  
  
    I recently purchased a men's t-shirt that boasted a fantastic fit and a stylish appearance. While the shirt looked great and hugged the body in all the right places, the overall experience was slightly marred by the feel of the material.Fit and Style: 4.5/5The fit of the t-shirt was spot-on, providing a flattering silhouette without being too tight or overly loose. The design and cut were modern, contributing to an overall appealing look. It's a shirt that I feel confident wearing for various occasions.Material: 3/5Unfortunately, the material used for the t-shirt left something to be desired. While it looked good on the outside, the feel of the fabric against the skin was a bit disappointing. It gave off a somewhat cheap sensation, and the texture was not as smooth or soft as I would have preferred. It's not uncomfortable, but it does lack the premium feel that I typically associate with higher-quality shirts.Durability: 4/5On a positive note, the t-shirt has held up well through a few washes without significant signs of wear or shrinkage. The color has remained vibrant, and the stitching appears to be sturdy, contributing to a reasonably durable product.Overall Impression:In conclusion, this men's t-shirt strikes a good balance between fit and style, making it a visually pleasing addition to the wardrobe. However, the underwhelming feel of the material slightly diminishes the overall satisfaction. If you prioritize comfort over aesthetics, you might want to explore other options. For those more focused on the look, this t-shirt could still be a viable choice, especially given its affordable price point.
  
","Reviewed in the United Kingdom on 1 January 2024","4.0 out of 5 stars"
"223","Mens Tshirt","Jack and Jones Mens Gingham Shirt","QD","







  
  
    Fit as expected, nice quality, not too thick. Bargain.
  
","Reviewed in the United Kingdom on 24 January 2024","5.0 out of 5 stars"
"224","Mens Tshirt","Jack and Jones Mens Gingham Shirt","Wayne Vaughan","







  
  
    The quality is really poor and the material is transparent. I ordered a large and it is tiny. Even the arms are too short. Gave it to my daughter who likes it as an overshirt as I couldn't be bothered to send it back.The worst quality item of clothing I've ever purchased.
  
","Reviewed in the United Kingdom on 16 January 2024","1.0 out of 5 stars"
"225","Mens Tshirt","Jack and Jones Mens Gingham Shirt","MunsterMunch","







  
  
    ‚Ä¶having read previous reviews a lot of comments said that you would need to select a larger size. I‚Äôm normally a large but thankfully I followed the reviews and ordered XL and it‚Äôs just right. Someone needs a new tape measure.
  
","Reviewed in the United Kingdom on 9 February 2024","4.0 out of 5 stars"
"226","Mens Tshirt","Jack and Jones Mens Gingham Shirt","Jaohim Gaucho","







  
  
    Look like Ok , nice material but size L high to small
  
","Reviewed in the United Kingdom on 20 January 2024","4.0 out of 5 stars"
"227","Mens Tshirt","Jack and Jones Mens Gingham Shirt","Blugg","







  
  
    Nice shirt, but it does crinkle up very quickly. The shirt itself is well made and has not comer apart  after been well worn. You might want to order a size larger than usual as it appears to be a little tight.
  
","Reviewed in the United Kingdom on 27 December 2023","4.0 out of 5 stars"
"228","Mens Tshirt","Jack and Jones Mens Gingham Shirt","Stu_626","







  
  
    Fits decent, very thin though. Defo an over a tshirt style shirt. Would be too cold on it's own. However, fits well in that regard too and looks good in the smart casual kinda way so happy overall with the purchase
  
","Reviewed in the United Kingdom on 5 December 2023","4.0 out of 5 stars"
"229","Mens Tshirt","Jack and Jones Mens Gingham Shirt","Anna Mc Glynn","







  
  
    Good fit
  
","Reviewed in the United Kingdom on 23 December 2023","4.0 out of 5 stars"
"230","Mens Tshirt","Jack and Jones Mens Gingham Shirt","jim potts","







  
  
    Excellent service
  
","Reviewed in the United Kingdom on 8 February 2024","5.0 out of 5 stars"
"231","Mens Tshirt","Jack and Jones Mens Gingham Shirt","Ollie","







  
  
    Product is as advertised. Light weight and sizing is accurate. I would recommend this product.
  
","Reviewed in the United Kingdom on 26 January 2024","5.0 out of 5 stars"
"232","Mens Tshirt","Jack and Jones Mens Gingham Shirt","Pete","







  
  
    Cheap as chips at ¬£10 looks okay.  Normally a large/ extra large at a push in some brands had to buy xxl!
  
","Reviewed in the United Kingdom on 20 January 2024","5.0 out of 5 stars"
"233","Mens Tshirt","Jack and Jones Mens Gingham Shirt","Curtis","







  
  
    Ok as a casual shirt but very thin material
  
","Reviewed in the United Kingdom on 12 February 2024","3.0 out of 5 stars"
"234","Mens Tshirt","Jack and Jones Mens Gingham Shirt","Plymouth Claire","







  
  
    Nice comfortable material and good fit for the size. Few loose threads here and there otherwise ok
  
","Reviewed in the United Kingdom on 5 February 2024","3.0 out of 5 stars"
"235","Mens Tshirt","Jack and Jones Mens Gingham Shirt","Michael F","







  
  
    Lovely shirt, felt great. Just a shame about the fit. Size M, chest was about 42 and then tapered down to the waist.
  
","Reviewed in the United Kingdom on 22 January 2024","3.0 out of 5 stars"
"236","Mens Tshirt","Jack and Jones Mens Gingham Shirt","Mrs M R Jarrett","







  
  
    This is meant to be a present but delivered uncovered and if the recipient has seen it it would have then not been a surprise.  I have not opened the parcel as had to parcel it for Christmas before he came  in.  It does look fine but a score for 3 due to not being covered.
  
","Reviewed in the United Kingdom on 18 December 2023","3.0 out of 5 stars"
"237","Mens Tshirt","Jack and Jones Mens Gingham Shirt","Jonathan King","







  
  
    It‚Äôs a decent looking shirt with material a bit in the thin side. For sizing go one up for your usual as it‚Äôs a bit figure hugging on the huskier gentleman.
  
","Reviewed in the United Kingdom on 10 January 2024","3.0 out of 5 stars"
"238","Mens Tshirt","Jack and Jones Mens Gingham Shirt","Newman","







  
  
    Not bad but not great. I have a similar shirt from H&M that's made from nicer fabric and fits a lot better. Can't return it either so a waste of money.
  
","Reviewed in the United Kingdom on 22 October 2023","4.0 out of 5 stars"
"239","Mens Tshirt","Jack and Jones Mens Gingham Shirt","Daviebhoy","







  
  
    Bargain. Very pleasedSize medium. Great fit. Soft. I'm 5'6"" with 40"" chest. Perfect. Very happy.
  
","Reviewed in the United Kingdom on 16 January 2024","5.0 out of 5 stars"
"240","Mens Tshirt","Jack and Jones Mens Gingham Shirt","Andybhoy","







  
  
    These are small made. I'm normally a Large and I ordered an XL due to Amazon's recommendation but the XL is still ever so slightly tight.
  
","Reviewed in the United Kingdom on 31 December 2023","3.0 out of 5 stars"
"241","Mens Tshirt","Jack and Jones Mens Gingham Shirt","Jaypema","







  
  
    Well priced, although feels like it looses its shape very quickly.
  
","Reviewed in the United Kingdom on 4 November 2023","4.0 out of 5 stars"
"242","Mens Tshirt","Jack and Jones Mens Gingham Shirt","Dan","







  
  
    Bought a larger size but listed as 2 sizes smaller uk size, J&J on amazon uk regularly use the wrong size listing
  
","Reviewed in the United Kingdom on 29 December 2023","3.0 out of 5 stars"
"243","Mens Tshirt","Jack and Jones Mens Gingham Shirt","Trevor Goode","







  
  
    Nice bit of clothe, surprisingly good quality for a tenner. I bought a large and ended up giving it to my Action Man and it's a bit tight on him too!By a size larger, or have the best dress military action figure with eagle eyes of all your mates.
  
","Reviewed in the United Kingdom on 4 December 2023","3.0 out of 5 stars"
"244","Mens Tshirt","Levi's Original Short-Sleeved Housemark T-Shirt, Men's T-Shirt in Original Levi's Quality, Regular Fit with Crew Neck","maureen wyllie","







  
  
    I bought large for my husband and they fitted perfectly,  so I would recommend going up a size, as medium is his usual size.
  
","Reviewed in the United Kingdom on 22 January 2024","5.0 out of 5 stars"
"245","Mens Tshirt","Levi's Original Short-Sleeved Housemark T-Shirt, Men's T-Shirt in Original Levi's Quality, Regular Fit with Crew Neck","A.H","







  
  
    I‚Äôm happy with this itemPROS:- Comfortable- Thick fabric, feels good qualityCONS:- Size comes up a little bit small, but you‚Äôre probably good to stick to your normal size
  
","Reviewed in the United Kingdom on 4 February 2024","5.0 out of 5 stars"
"246","Mens Tshirt","Levi's Original Short-Sleeved Housemark T-Shirt, Men's T-Shirt in Original Levi's Quality, Regular Fit with Crew Neck","Mark J","







  
  
    The fit was a little small, but the design and pattern is great. For the price, very good value for money. Washes well, which is always a good indicator of quality.
  
","Reviewed in the United Kingdom on 10 July 2023","4.0 out of 5 stars"
"247","Mens Tshirt","Levi's Original Short-Sleeved Housemark T-Shirt, Men's T-Shirt in Original Levi's Quality, Regular Fit with Crew Neck","Christine Davis","







  
  
    Good quality, sizing was right
  
","Reviewed in the United Kingdom on 4 January 2024","5.0 out of 5 stars"
"248","Mens Tshirt","Levi's Original Short-Sleeved Housemark T-Shirt, Men's T-Shirt in Original Levi's Quality, Regular Fit with Crew Neck","yvonne","







  
  
    Really nice T-shirt, good quality and price, quick delivery
  
","Reviewed in the United Kingdom on 26 November 2023","5.0 out of 5 stars"
"249","Mens Tshirt","Levi's Original Short-Sleeved Housemark T-Shirt, Men's T-Shirt in Original Levi's Quality, Regular Fit with Crew Neck","Martin Barnsby-Greer","







  
  
    Nice thick cotton shirts that fit perfectly
  
","Reviewed in the United Kingdom on 14 January 2024","5.0 out of 5 stars"
"250","Mens Tshirt","Levi's Original Short-Sleeved Housemark T-Shirt, Men's T-Shirt in Original Levi's Quality, Regular Fit with Crew Neck","Amazon Customer","







  
  
    Nice top great fit ‚Ä¶..looks great ü§ôüèª
  
","Reviewed in the United Kingdom on 8 November 2023","5.0 out of 5 stars"
"251","Mens Tshirt","Levi's Original Short-Sleeved Housemark T-Shirt, Men's T-Shirt in Original Levi's Quality, Regular Fit with Crew Neck","Rob W","







  
  
    Black Tees are great but the Blue are a totally different material, they are so much thinner.The first wear of the blue is good but they go misshapen very quickly and look bad after the first wash.The black ones are very good quality and hold their shape well.------------------------------The above review was for shirts bought in the last two years 2020-2022, the black one's were great and worth the money. I got a blue one and it was very thin. I have since got a new black one (2023) and it's the same as the blue one extremely thin. Shame these were my go to t-shirt. Can't recommend them anymore.
  
","Reviewed in the United Kingdom on 31 October 2022","3.0 out of 5 stars"
"252","Mens Tshirt","Levi's Original Short-Sleeved Housemark T-Shirt, Men's T-Shirt in Original Levi's Quality, Regular Fit with Crew Neck","Cyn","







  
  
    This was bought for my daughter's partners Birthday he said it was good and comfortable to wear
  
","Reviewed in the United Kingdom on 26 January 2024","5.0 out of 5 stars"
"253","Mens Tshirt","Levi's Original Short-Sleeved Housemark T-Shirt, Men's T-Shirt in Original Levi's Quality, Regular Fit with Crew Neck","Sam","







  
  
    Lovely colour, great quality and price
  
","Reviewed in the United Kingdom on 13 December 2023","4.0 out of 5 stars"
"254","Mens Tshirt","Levi's Original Short-Sleeved Housemark T-Shirt, Men's T-Shirt in Original Levi's Quality, Regular Fit with Crew Neck","Sam","







  
  
    Great T-shirt fits perfect
  
","Reviewed in the United Kingdom on 19 January 2024","4.0 out of 5 stars"
"255","Mens Tshirt","Levi's Original Short-Sleeved Housemark T-Shirt, Men's T-Shirt in Original Levi's Quality, Regular Fit with Crew Neck","Claire Rafferty","







  
  
    Good size and fit, nice summery colours for spring 2024 holiday
  
","Reviewed in the United Kingdom on 4 December 2023","5.0 out of 5 stars"
"256","Mens Tshirt","Levi's Original Short-Sleeved Housemark T-Shirt, Men's T-Shirt in Original Levi's Quality, Regular Fit with Crew Neck","Norman Scott","







  
  
    Nice T-shirt for the money, my husband prefers a small logo so this is perfect.
  
","Reviewed in the United Kingdom on 28 November 2023","4.0 out of 5 stars"
"257","Mens Tshirt","Levi's Original Short-Sleeved Housemark T-Shirt, Men's T-Shirt in Original Levi's Quality, Regular Fit with Crew Neck","vanessa","







  
  
    Loved this shirt, and bought several others
  
","Reviewed in the United Kingdom on 12 January 2024","4.0 out of 5 stars"
"258","Mens Tshirt","Levi's Original Short-Sleeved Housemark T-Shirt, Men's T-Shirt in Original Levi's Quality, Regular Fit with Crew Neck","Peter from Norwich","







  
  
    Not sure if it's me but this t shirt got marks under the arm pits quicker than any other shirt I've had
  
","Reviewed in the United Kingdom on 16 November 2023","5.0 out of 5 stars"
"259","Mens Tshirt","Levi's Original Short-Sleeved Housemark T-Shirt, Men's T-Shirt in Original Levi's Quality, Regular Fit with Crew Neck","PRW","







  
  
    Excellent quality and value
  
","Reviewed in the United Kingdom on 16 January 2024","4.0 out of 5 stars"
"260","Mens Tshirt","Levi's Original Short-Sleeved Housemark T-Shirt, Men's T-Shirt in Original Levi's Quality, Regular Fit with Crew Neck","Christine Orford","







  
  
    Excellent service and good quality Levi item
  
","Reviewed in the United Kingdom on 4 January 2024","5.0 out of 5 stars"
"261","Mens Tshirt","Levi's Original Short-Sleeved Housemark T-Shirt, Men's T-Shirt in Original Levi's Quality, Regular Fit with Crew Neck","Sandra","







  
  
    Partner likes so all good
  
","Reviewed in the United Kingdom on 3 January 2024","5.0 out of 5 stars"
"262","Mens Tshirt","Levi's Original Short-Sleeved Housemark T-Shirt, Men's T-Shirt in Original Levi's Quality, Regular Fit with Crew Neck","Cat lover slippers ","







  
  
    Good quality,  good size , too to size
  
","Reviewed in the United Kingdom on 26 December 2023","5.0 out of 5 stars"
"263","Mens Tshirt","Levi's Original Short-Sleeved Housemark T-Shirt, Men's T-Shirt in Original Levi's Quality, Regular Fit with Crew Neck","Christine W.","







  
  
    Great value. Quality product.
  
","Reviewed in the United Kingdom on 26 December 2023","5.0 out of 5 stars"
"264","Mens Tshirt","Levi's Original Short-Sleeved Housemark T-Shirt, Men's T-Shirt in Original Levi's Quality, Regular Fit with Crew Neck","Amazon Customer","







  
  
    Pretty ordinary for the price
  
","Reviewed in the United Kingdom on 12 January 2024","3.0 out of 5 stars"
"265","Mens Tshirt","Levi's Original Short-Sleeved Housemark T-Shirt, Men's T-Shirt in Original Levi's Quality, Regular Fit with Crew Neck","Craig","







  
  
    I am 5ft 11, and 84kg. I wear 32inch waist for jeans. I have a long torso and find buying t-shirts can be awkward online as I float between a M and L. I ordered this in Large and it finds perfectly. Long in the torso and not baggy on the arms.
  
","Reviewed in the United Kingdom on 11 November 2023","5.0 out of 5 stars"
"266","Mens Tshirt","Levi's Original Short-Sleeved Housemark T-Shirt, Men's T-Shirt in Original Levi's Quality, Regular Fit with Crew Neck","Neil mclarnon","







  
  
    Really good quality t shirt
  
","Reviewed in the United Kingdom on 12 December 2023","5.0 out of 5 stars"
"267","Mens Tshirt","Levi's Original Short-Sleeved Housemark T-Shirt, Men's T-Shirt in Original Levi's Quality, Regular Fit with Crew Neck","Alastair Anderson","







  
  
    Excellent, good quality and reasonable price
  
","Reviewed in the United Kingdom on 7 December 2023","5.0 out of 5 stars"
"268","Mens Tshirt","Levi's Original Short-Sleeved Housemark T-Shirt, Men's T-Shirt in Original Levi's Quality, Regular Fit with Crew Neck","janine conlon","







  
  
    Very happy with the T Shirt, good quality and good size
  
","Reviewed in the United Kingdom on 29 November 2023","5.0 out of 5 stars"
"269","Mens Tshirt","Levi's Original Short-Sleeved Housemark T-Shirt, Men's T-Shirt in Original Levi's Quality, Regular Fit with Crew Neck","1268Georgi Zdravkov","







  
  
    Great price, confortable material, perfect fits - I would recommend it for sure and I am more than happy with my purchase. Cheers.
  
","Reviewed in the United Kingdom on 11 November 2023","5.0 out of 5 stars"
"270","Mens Tshirt","Levi's Original Short-Sleeved Housemark T-Shirt, Men's T-Shirt in Original Levi's Quality, Regular Fit with Crew Neck","South Ave","







  
  
    Really like these t-shirts, the quality of the material is better than most t-shirts on the market. Only issue I had was the under the arm on one side of the t-shirt the seam was coming away showing a small hole. I was going to send it back but sowing session resolved the issue.
  
","Reviewed in the United Kingdom on 5 June 2023","4.0 out of 5 stars"
